{"elemental_refs": {"B": -6.704190883333333, "N": -8.325982485, "Se": -3.509959506875, "Ge": -4.49306016, "Si": -5.393272535, "S": -4.1315283840625}, "limits": {"BN-B-Se-Ge-Si-S": {"B": -6.704190883333333, "N": -10.891874986666668, "Se": -3.509959506875, "Ge": -4.49306016, "Si": -5.393272535, "S": -4.1315283840625}, "BN-N2-Se-Ge-Si-S": {"B": -9.270083385, "N": -8.325982485, "Se": -3.509959506875, "Ge": -4.49306016, "Si": -5.393272535, "S": -4.1315283840625}}, "limits_wrt_el_refs": {"BN-B-Se-Ge-Si-S": {"B": 0.0, "N": -2.565892501666667, "Se": 0.0, "Ge": 0.0, "Si": 0.0, "S": 0.0}, "BN-N2-Se-Ge-Si-S": {"B": -2.5658925016666663, "N": 0.0, "Se": 0.0, "Ge": 0.0, "Si": 0.0, "S": 0.0}}}