{"elemental_refs": {"B": -6.704190883333333, "N": -8.325982485, "Li": -1.9017495366666666, "F": -1.80912549}, "limits": {"BN-B-Li-F2": {"B": -6.704190883333333, "N": -10.891874986666668, "Li": -1.9017495366666666, "F": -1.80912549}, "BN-N2-Li-F2": {"B": -9.270083385, "N": -8.325982485, "Li": -1.9017495366666666, "F": -1.80912549}}, "limits_wrt_el_refs": {"BN-B-Li-F2": {"B": 0.0, "N": -2.565892501666667, "Li": 0.0, "F": 0.0}, "BN-N2-Li-F2": {"B": -2.5658925016666663, "N": 0.0, "Li": 0.0, "F": 0.0}}}