{"limits": {"BN-B": {"B": -6.704190883333333, "N": -10.891874986666668}, "BN-N2": {"B": -9.270083385, "N": -8.325982485}}, "elemental_refs": {"N": -8.325982485, "B": -6.704190883333333}, "limits_wrt_el_refs": {"BN-B": {"B": 0.0, "N": -2.565892501666667}, "BN-N2": {"B": -2.5658925016666663, "N": 0.0}}}