{"elemental_refs": {"B": -6.704190883333333, "N": -8.325982485, "C": -9.22493782, "O": -4.94253897}, "limits": {"BN-B-C-O2": {"B": -6.704190883333333, "N": -10.891874986666668, "C": -9.22493782, "O": -4.94253897}, "BN-N2-C-O2": {"B": -9.270083385, "N": -8.325982485, "C": -9.22493782, "O": -4.94253897}}, "limits_wrt_el_refs": {"BN-B-C-O2": {"B": 0.0, "N": -2.565892501666667, "C": 0.0, "O": 0.0}, "BN-N2-C-O2": {"B": -2.5658925016666663, "N": 0.0, "C": 0.0, "O": 0.0}}}